Filename;Predictions
type_F/1008modF.png;type_F
type_F/101modF.png;type_F
type_F/1022modF.png;type_F
type_F/102F.png;type_F
type_F/1032modF.png;type_F
type_F/1038modF.png;type_F
type_F/104F.png;type_F
type_F/1057modF.png;type_F
type_F/1064modF.png;type_F
type_F/1076modF.png;type_F
type_F/107modF.png;type_F
type_F/1083modF.png;type_F
type_F/1091modF.png;type_F
type_F/1110modF.png;type_F
type_F/1127modF.png;type_F
type_F/1129modF.png;type_N
type_F/1139modF.png;type_F
type_F/1143modF.png;type_N
type_F/1147modF.png;type_F
type_F/1163modF.png;type_F
type_F/1164modF.png;type_F
type_F/1169modF.png;type_F
type_F/1171modF.png;type_F
type_F/1172modF.png;type_F
type_F/1174modF.png;type_F
type_F/1194modF.png;type_F
type_F/1199modF.png;type_F
type_F/1201modF.png;type_F
type_F/1202modF.png;type_F
type_F/1204modF.png;type_V
type_F/1205modF.png;type_N
type_F/1212modF.png;type_N
type_F/1214modF.png;type_F
type_F/1236modF.png;type_F
type_F/1247modF.png;type_F
type_F/1256modF.png;type_V
type_F/1259modF.png;type_F
type_F/126F.png;type_F
type_F/1277modF.png;type_F
type_F/127modF.png;type_F
type_F/1280modF.png;type_F
type_F/128modF.png;type_F
type_F/1292modF.png;type_F
type_F/1295modF.png;type_F
type_F/1297modF.png;type_F
type_F/1298modF.png;type_F
type_F/1303modF.png;type_F
type_F/1310modF.png;type_F
type_F/1315modF.png;type_F
type_F/131modF.png;type_F
type_F/1320modF.png;type_F
type_F/1321modF.png;type_F
type_F/1322modF.png;type_F
type_F/1339modF.png;type_F
type_F/1346modF.png;type_F
type_F/1347modF.png;type_F
type_F/134modF.png;type_F
type_F/1354modF.png;type_F
type_F/1355modF.png;type_F
type_F/1356modF.png;type_F
type_F/1358modF.png;type_F
type_F/135modF.png;type_F
type_F/1360modF.png;type_F
type_F/1363modF.png;type_F
type_F/1364modF.png;type_F
type_F/1366modF.png;type_F
type_F/1374modF.png;type_F
type_F/1380modF.png;type_F
type_F/1384modF.png;type_F
type_F/1390modF.png;type_F
type_F/1399modF.png;type_F
type_F/1411modF.png;type_F
type_F/1417modF.png;type_F
type_F/1418modF.png;type_F
type_F/1422modF.png;type_F
type_F/1423modF.png;type_F
type_F/1426modF.png;type_F
type_F/1431modF.png;type_F
type_F/1436modF.png;type_F
type_F/1439modF.png;type_F
type_F/1449modF.png;type_F
type_F/144F.png;type_F
type_F/1468modF.png;type_F
type_F/146modF.png;type_F
type_F/1478modF.png;type_F
type_F/1483modF.png;type_F
type_F/1492modF.png;type_F
type_F/1495modF.png;type_F
type_F/1503modF.png;type_F
type_F/1508modF.png;type_F
type_F/1514modF.png;type_F
type_F/1517modF.png;type_F
type_F/1519modF.png;type_F
type_F/1523modF.png;type_F
type_F/1539modF.png;type_F
type_F/1556modF.png;type_F
type_F/155modF.png;type_F
type_F/156modF.png;type_F
type_F/1591modF.png;type_N
type_F/1598modF.png;type_V
type_F/159modF.png;type_F
type_F/1609modF.png;type_F
type_F/160F.png;type_F
type_F/1610modF.png;type_V
type_F/1620modF.png;type_N
type_F/1623modF.png;type_V
type_F/1624modF.png;type_F
type_F/1626modF.png;type_V
type_F/1627modF.png;type_F
type_F/162modF.png;type_F
type_F/1637modF.png;type_F
type_F/1650modF.png;type_F
type_F/1662modF.png;type_F
type_F/166modF.png;type_F
type_F/1675modF.png;type_F
type_F/1689modF.png;type_F
type_F/1690modF.png;type_F
type_F/1692modF.png;type_F
type_F/1697modF.png;type_F
type_F/1707modF.png;type_F
type_F/1716modF.png;type_F
type_F/1717modF.png;type_F
type_F/1726modF.png;type_F
type_F/1735modF.png;type_F
type_F/1737modF.png;type_F
type_F/1745modF.png;type_F
type_F/174F.png;type_F
type_F/1755modF.png;type_F
type_F/1777modF.png;type_F
type_F/1784modF.png;type_F
type_F/1794modF.png;type_F
type_F/1795modF.png;type_F
type_F/1804modF.png;type_F
type_F/1813modF.png;type_F
type_F/1836modF.png;type_F
type_F/1855modF.png;type_F
type_F/185modF.png;type_F
type_F/186F.png;type_F
type_F/1874modF.png;type_F
type_F/1876modF.png;type_F
type_F/1877modF.png;type_F
type_F/1885modF.png;type_F
type_F/188modF.png;type_F
type_F/1896modF.png;type_F
type_F/18F.png;type_N
type_F/1911modF.png;type_F
type_F/1917modF.png;type_F
type_F/1923modF.png;type_F
type_F/195modF.png;type_F
type_F/1964modF.png;type_F
type_F/1986modF.png;type_F
type_F/1995modF.png;type_F
type_F/1998modF.png;type_F
type_F/1999modF.png;type_F
type_F/2000modF.png;type_F
type_F/2004modF.png;type_F
type_F/200F.png;type_F
type_F/2014modF.png;type_V
type_F/202modF.png;type_F
type_F/2031modF.png;type_F
type_F/2032modF.png;type_F
type_F/2038modF.png;type_F
type_F/2048modF.png;type_N
type_F/2070modF.png;type_F
type_F/2072modF.png;type_F
type_F/2078modF.png;type_F
type_F/208modF.png;type_F
type_F/2095modF.png;type_F
type_F/2098modF.png;type_F
type_F/20modF.png;type_F
type_F/2106modF.png;type_F
type_F/2109modF.png;type_F
type_F/210F.png;type_F
type_F/2115modF.png;type_F
type_F/2130modF.png;type_F
type_F/2139modF.png;type_F
type_F/213F.png;type_F
type_F/2146modF.png;type_F
type_F/2158modF.png;type_F
type_F/2159modF.png;type_F
type_F/2163modF.png;type_F
type_F/2195modF.png;type_F
type_F/21F.png;type_N
type_F/21modF.png;type_N
type_F/2201modF.png;type_F
type_F/2210modF.png;type_F
type_F/2215modF.png;type_F
type_F/2222modF.png;type_F
type_F/2233modF.png;type_F
type_F/223modF.png;type_F
type_F/2249modF.png;type_F
type_F/2255modF.png;type_F
type_F/225modF.png;type_F
type_F/2260modF.png;type_F
type_F/2263modF.png;type_F
type_F/2287modF.png;type_F
type_F/2293modF.png;type_F
type_F/2298modF.png;type_V
type_F/229modF.png;type_F
type_F/2301modF.png;type_F
type_F/2303modF.png;type_F
type_F/230modF.png;type_F
type_F/2318modF.png;type_S
type_F/231modF.png;type_F
type_F/2333modF.png;type_F
type_F/2352modF.png;type_F
type_F/2357modF.png;type_F
type_F/2370modF.png;type_F
type_F/238modF.png;type_F
type_F/2391modF.png;type_V
type_F/2393modF.png;type_V
type_F/2404modF.png;type_V
type_F/24modF.png;type_N
type_F/250modF.png;type_F
type_F/253F.png;type_F
type_F/256F.png;type_F
type_F/264modF.png;type_F
type_F/267F.png;type_F
type_F/267modF.png;type_F
type_F/268modF.png;type_F
type_F/270F.png;type_V
type_F/276modF.png;type_F
type_F/277modF.png;type_F
type_F/283modF.png;type_F
type_F/284F.png;type_F
type_F/286F.png;type_F
type_F/286modF.png;type_F
type_F/292F.png;type_F
type_F/293modF.png;type_F
type_F/295F.png;type_F
type_F/302F.png;type_F
type_F/308F.png;type_F
type_F/30modF.png;type_F
type_F/311modF.png;type_F
type_F/313F.png;type_N
type_F/319F.png;type_F
type_F/31F.png;type_F
type_F/320F.png;type_F
type_F/323modF.png;type_F
type_F/335F.png;type_F
type_F/339modF.png;type_F
type_F/342modF.png;type_F
type_F/34modF.png;type_F
type_F/350modF.png;type_F
type_F/353modF.png;type_F
type_F/355F.png;type_F
type_F/355modF.png;type_F
type_F/363F.png;type_F
type_F/364modF.png;type_F
type_F/365F.png;type_F
type_F/37modF.png;type_F
type_F/381modF.png;type_F
type_F/386F.png;type_F
type_F/387F.png;type_F
type_F/389modF.png;type_F
type_F/391F.png;type_F
type_F/391modF.png;type_F
type_F/396F.png;type_F
type_F/39F.png;type_F
type_F/400modF.png;type_F
type_F/402F.png;type_S
type_F/409F.png;type_N
type_F/411F.png;type_N
type_F/414modF.png;type_F
type_F/417modF.png;type_F
type_F/419modF.png;type_F
type_F/421modF.png;type_F
type_F/42modF.png;type_F
type_F/439modF.png;type_F
type_F/442F.png;type_F
type_F/446F.png;type_F
type_F/449F.png;type_F
type_F/454F.png;type_V
type_F/458modF.png;type_F
type_F/45F.png;type_F
type_F/464modF.png;type_F
type_F/468F.png;type_F
type_F/46modF.png;type_F
type_F/473modF.png;type_F
type_F/476F.png;type_F
type_F/479F.png;type_F
type_F/47modF.png;type_F
type_F/485F.png;type_F
type_F/493F.png;type_N
type_F/502modF.png;type_F
type_F/510modF.png;type_F
type_F/517F.png;type_F
type_F/519modF.png;type_F
type_F/525modF.png;type_F
type_F/527modF.png;type_F
type_F/528modF.png;type_F
type_F/52modF.png;type_F
type_F/534modF.png;type_F
type_F/535F.png;type_F
type_F/544modF.png;type_F
type_F/548modF.png;type_F
type_F/54F.png;type_F
type_F/552modF.png;type_F
type_F/558F.png;type_F
type_F/561F.png;type_F
type_F/563F.png;type_F
type_F/569F.png;type_F
type_F/571F.png;type_F
type_F/577modF.png;type_F
type_F/581modF.png;type_F
type_F/585modF.png;type_F
type_F/590F.png;type_F
type_F/592F.png;type_F
type_F/593modF.png;type_F
type_F/598modF.png;type_F
type_F/59F.png;type_F
type_F/614modF.png;type_F
type_F/615F.png;type_F
type_F/616modF.png;type_F
type_F/618modF.png;type_F
type_F/626F.png;type_F
type_F/631F.png;type_F
type_F/637modF.png;type_F
type_F/642F.png;type_F
type_F/643F.png;type_F
type_F/646F.png;type_F
type_F/648F.png;type_F
type_F/650modF.png;type_F
type_F/656modF.png;type_F
type_F/659modF.png;type_F
type_F/660F.png;type_F
type_F/661F.png;type_F
type_F/662modF.png;type_F
type_F/665modF.png;type_F
type_F/670F.png;type_F
type_F/673F.png;type_F
type_F/68F.png;type_F
type_F/692F.png;type_F
type_F/693modF.png;type_F
type_F/697modF.png;type_F
type_F/69modF.png;type_F
type_F/701F.png;type_F
type_F/705modF.png;type_F
type_F/706F.png;type_F
type_F/706modF.png;type_F
type_F/711F.png;type_V
type_F/712F.png;type_F
type_F/71F.png;type_F
type_F/722F.png;type_F
type_F/72modF.png;type_F
type_F/735F.png;type_F
type_F/73F.png;type_F
type_F/744F.png;type_F
type_F/745modF.png;type_V
type_F/747F.png;type_F
type_F/750modF.png;type_F
type_F/755F.png;type_F
type_F/757F.png;type_F
type_F/757modF.png;type_F
type_F/75modF.png;type_F
type_F/762modF.png;type_F
type_F/763F.png;type_F
type_F/763modF.png;type_F
type_F/764F.png;type_F
type_F/76F.png;type_F
type_F/780modF.png;type_F
type_F/786modF.png;type_F
type_F/78modF.png;type_F
type_F/790modF.png;type_F
type_F/794modF.png;type_F
type_F/795modF.png;type_V
type_F/798F.png;type_V
type_F/7F.png;type_F
type_F/800modF.png;type_F
type_F/817modF.png;type_F
type_F/818modF.png;type_V
type_F/826modF.png;type_N
type_F/832modF.png;type_F
type_F/838modF.png;type_F
type_F/842modF.png;type_F
type_F/849modF.png;type_F
type_F/84F.png;type_F
type_F/861modF.png;type_F
type_F/867modF.png;type_F
type_F/874modF.png;type_F
type_F/885modF.png;type_F
type_F/892modF.png;type_F
type_F/901modF.png;type_N
type_F/907modF.png;type_F
type_F/914modF.png;type_F
type_F/915modF.png;type_F
type_F/931modF.png;type_F
type_F/934modF.png;type_F
type_F/937modF.png;type_F
type_F/951modF.png;type_F
type_F/963modF.png;type_F
type_F/965modF.png;type_F
type_F/967modF.png;type_F
type_F/969modF.png;type_F
type_F/97F.png;type_F
type_F/983modF.png;type_F
type_F/991modF.png;type_F
type_F/995modF.png;type_F
type_F/99F.png;type_F
type_F/9F.png;type_F
type_N/10249N.png;type_N
type_N/10600N.png;type_N
type_N/10698N.png;type_N
type_N/10881N.png;type_N
type_N/10985N.png;type_N
type_N/11128N.png;type_N
type_N/1144N.png;type_N
type_N/1167L.png;type_N
type_N/11886N.png;type_N
type_N/1220N.png;type_N
type_N/12335N.png;type_N
type_N/12440N.png;type_N
type_N/1259N.png;type_N
type_N/12677N.png;type_N
type_N/13286N.png;type_N
type_N/13735N.png;type_N
type_N/13793N.png;type_N
type_N/1386N.png;type_N
type_N/14065N.png;type_N
type_N/1418L.png;type_N
type_N/1421L.png;type_N
type_N/14310N.png;type_N
type_N/14784N.png;type_N
type_N/14810N.png;type_N
type_N/14928N.png;type_N
type_N/15023N.png;type_N
type_N/15041N.png;type_N
type_N/15099N.png;type_N
type_N/15678N.png;type_N
type_N/15805N.png;type_N
type_N/15931N.png;type_N
type_N/1596R.png;type_N
type_N/15R.png;type_N
type_N/16019N.png;type_N
type_N/1601L.png;type_N
type_N/16038N.png;type_N
type_N/16248N.png;type_N
type_N/1630R.png;type_N
type_N/1691L.png;type_N
type_N/16931N.png;type_N
type_N/170R.png;type_N
type_N/17232N.png;type_N
type_N/174L.png;type_N
type_N/17578N.png;type_N
type_N/17883N.png;type_N
type_N/18093N.png;type_N
type_N/1819L.png;type_N
type_N/18224N.png;type_N
type_N/1847R.png;type_N
type_N/1856R.png;type_N
type_N/1861N.png;type_N
type_N/18675N.png;type_N
type_N/1870N.png;type_N
type_N/18923N.png;type_N
type_N/1913N.png;type_N
type_N/19252N.png;type_N
type_N/19408N.png;type_N
type_N/19414N.png;type_N
type_N/1943L.png;type_N
type_N/1946L.png;type_N
type_N/1977R.png;type_N
type_N/19918N.png;type_N
type_N/2012L.png;type_N
type_N/20167N.png;type_N
type_N/20265N.png;type_N
type_N/20372N.png;type_N
type_N/20399N.png;type_N
type_N/2041L.png;type_N
type_N/20477N.png;type_N
type_N/2054N.png;type_N
type_N/20585N.png;type_N
type_N/20634N.png;type_N
type_N/20659N.png;type_N
type_N/2070R.png;type_N
type_N/20907N.png;type_N
type_N/20968N.png;type_N
type_N/21139N.png;type_N
type_N/21252N.png;type_N
type_N/21443N.png;type_N
type_N/21655N.png;type_N
type_N/22077N.png;type_N
type_N/22220N.png;type_N
type_N/22240N.png;type_N
type_N/22245N.png;type_N
type_N/22391N.png;type_N
type_N/2241R.png;type_N
type_N/224R.png;type_N
type_N/22654N.png;type_N
type_N/22777N.png;type_N
type_N/22866N.png;type_N
type_N/23147N.png;type_N
type_N/2315R.png;type_N
type_N/236N.png;type_N
type_N/23778N.png;type_N
type_N/23984N.png;type_N
type_N/2414R.png;type_N
type_N/2440L.png;type_N
type_N/24488N.png;type_N
type_N/24780N.png;type_N
type_N/24888N.png;type_N
type_N/2508L.png;type_N
type_N/25147N.png;type_N
type_N/2514L.png;type_N
type_N/2514R.png;type_N
type_N/251N.png;type_N
type_N/25339N.png;type_N
type_N/25793N.png;type_N
type_N/26295N.png;type_N
type_N/263R.png;type_N
type_N/26541N.png;type_N
type_N/26700N.png;type_N
type_N/27321N.png;type_N
type_N/27485N.png;type_N
type_N/27558N.png;type_N
type_N/27848N.png;type_N
type_N/2787R.png;type_N
type_N/2790N.png;type_N
type_N/28205N.png;type_N
type_N/28269N.png;type_N
type_N/2828L.png;type_N
type_N/28308N.png;type_N
type_N/2830L.png;type_N
type_N/28314N.png;type_N
type_N/28349N.png;type_N
type_N/2836R.png;type_N
type_N/2845R.png;type_N
type_N/28463N.png;type_N
type_N/28483N.png;type_N
type_N/28658N.png;type_N
type_N/29072N.png;type_N
type_N/29411N.png;type_N
type_N/29634N.png;type_N
type_N/29765N.png;type_N
type_N/29777N.png;type_N
type_N/30157N.png;type_N
type_N/3020N.png;type_N
type_N/30260N.png;type_N
type_N/3039R.png;type_N
type_N/3071L.png;type_N
type_N/30793N.png;type_N
type_N/30995N.png;type_N
type_N/31007N.png;type_N
type_N/31288N.png;type_N
type_N/31532N.png;type_N
type_N/31583N.png;type_N
type_N/31591N.png;type_N
type_N/3181L.png;type_N
type_N/31952N.png;type_N
type_N/3206R.png;type_N
type_N/32105N.png;type_N
type_N/32747N.png;type_N
type_N/3294N.png;type_N
type_N/3324R.png;type_N
type_N/33263N.png;type_N
type_N/33588N.png;type_N
type_N/33846N.png;type_N
type_N/34045N.png;type_N
type_N/3449R.png;type_N
type_N/35039N.png;type_N
type_N/35051N.png;type_N
type_N/35191N.png;type_N
type_N/35461N.png;type_N
type_N/35473N.png;type_N
type_N/35594N.png;type_N
type_N/35655N.png;type_N
type_N/35674N.png;type_N
type_N/35905N.png;type_N
type_N/3605R.png;type_N
type_N/36221N.png;type_N
type_N/3635R.png;type_N
type_N/36370N.png;type_N
type_N/36736N.png;type_N
type_N/3686L.png;type_N
type_N/37063N.png;type_N
type_N/37351N.png;type_N
type_N/38123N.png;type_N
type_N/38125N.png;type_N
type_N/3823N.png;type_N
type_N/38870N.png;type_N
type_N/39116N.png;type_N
type_N/391L.png;type_N
type_N/3921R.png;type_N
type_N/3939R.png;type_N
type_N/39488N.png;type_N
type_N/3962N.png;type_N
type_N/39784N.png;type_N
type_N/39904N.png;type_N
type_N/40230N.png;type_N
type_N/40280N.png;type_N
type_N/40310N.png;type_N
type_N/4043N.png;type_N
type_N/40732N.png;type_N
type_N/41413N.png;type_N
type_N/4145L.png;type_N
type_N/41573N.png;type_N
type_N/41594N.png;type_N
type_N/41602N.png;type_N
type_N/41968N.png;type_N
type_N/420L.png;type_N
type_N/42181N.png;type_N
type_N/42283N.png;type_N
type_N/4245R.png;type_N
type_N/42545N.png;type_N
type_N/42569N.png;type_N
type_N/42719N.png;type_N
type_N/43194N.png;type_N
type_N/43391N.png;type_N
type_N/43426N.png;type_N
type_N/43603N.png;type_N
type_N/43959N.png;type_N
type_N/43973N.png;type_N
type_N/44111N.png;type_N
type_N/45038N.png;type_N
type_N/45206N.png;type_N
type_N/45210N.png;type_N
type_N/45265N.png;type_N
type_N/45547N.png;type_N
type_N/45651N.png;type_N
type_N/45869N.png;type_N
type_N/46184N.png;type_N
type_N/46363N.png;type_N
type_N/46609N.png;type_N
type_N/46812N.png;type_N
type_N/46952N.png;type_N
type_N/46971N.png;type_N
type_N/4697R.png;type_N
type_N/47037N.png;type_N
type_N/47056N.png;type_N
type_N/4772R.png;type_N
type_N/4790L.png;type_N
type_N/48030N.png;type_N
type_N/4810N.png;type_N
type_N/4818L.png;type_N
type_N/48259N.png;type_N
type_N/4844R.png;type_N
type_N/48650N.png;type_N
type_N/4872L.png;type_N
type_N/4902L.png;type_N
type_N/49110N.png;type_N
type_N/4911L.png;type_N
type_N/49667N.png;type_N
type_N/49785N.png;type_N
type_N/4994N.png;type_N
type_N/5017L.png;type_N
type_N/50343N.png;type_N
type_N/50745N.png;type_N
type_N/50791N.png;type_N
type_N/50848N.png;type_N
type_N/51205N.png;type_N
type_N/51758N.png;type_N
type_N/51792N.png;type_N
type_N/51907N.png;type_N
type_N/52053N.png;type_N
type_N/52508N.png;type_N
type_N/5262R.png;type_N
type_N/52667N.png;type_N
type_N/52674N.png;type_N
type_N/52719N.png;type_N
type_N/52828N.png;type_N
type_N/53136N.png;type_N
type_N/53185N.png;type_N
type_N/53534N.png;type_N
type_N/5355L.png;type_N
type_N/53656N.png;type_N
type_N/5367R.png;type_N
type_N/53995N.png;type_N
type_N/54044N.png;type_N
type_N/54128N.png;type_N
type_N/54553N.png;type_N
type_N/54853N.png;type_N
type_N/54970N.png;type_N
type_N/55057N.png;type_N
type_N/55068N.png;type_N
type_N/5513L.png;type_N
type_N/55425N.png;type_N
type_N/55472N.png;type_N
type_N/5551L.png;type_N
type_N/5569R.png;type_N
type_N/56284N.png;type_N
type_N/56507N.png;type_N
type_N/56701N.png;type_N
type_N/5707L.png;type_N
type_N/57137N.png;type_N
type_N/57281N.png;type_N
type_N/57339N.png;type_N
type_N/5735R.png;type_N
type_N/57783N.png;type_N
type_N/57844N.png;type_N
type_N/57862N.png;type_N
type_N/58299N.png;type_N
type_N/58659N.png;type_N
type_N/58760N.png;type_N
type_N/58971N.png;type_N
type_N/58989N.png;type_N
type_N/59027N.png;type_N
type_N/59137N.png;type_N
type_N/59260N.png;type_N
type_N/59295N.png;type_N
type_N/59330N.png;type_N
type_N/59515N.png;type_N
type_N/59698N.png;type_N
type_N/59812N.png;type_N
type_N/598L.png;type_N
type_N/60219N.png;type_N
type_N/60377N.png;type_N
type_N/60539N.png;type_N
type_N/6066L.png;type_Q
type_N/60787N.png;type_N
type_N/60919N.png;type_N
type_N/60929N.png;type_N
type_N/61340N.png;type_N
type_N/61823N.png;type_N
type_N/61997N.png;type_N
type_N/62184N.png;type_N
type_N/62333N.png;type_N
type_N/62613N.png;type_S
type_N/6284R.png;type_N
type_N/62910N.png;type_N
type_N/63179N.png;type_N
type_N/63353N.png;type_N
type_N/63469N.png;type_N
type_N/6365L.png;type_N
type_N/63775N.png;type_S
type_N/63924N.png;type_N
type_N/63998N.png;type_N
type_N/64263N.png;type_N
type_N/6467L.png;type_V
type_N/65237N.png;type_N
type_N/65669N.png;type_N
type_N/6598L.png;type_N
type_N/66113N.png;type_N
type_N/66363N.png;type_N
type_N/6643L.png;type_N
type_N/66539N.png;type_N
type_N/66544N.png;type_N
type_N/66591N.png;type_N
type_N/66593N.png;type_N
type_N/66596N.png;type_N
type_N/6668L.png;type_N
type_N/66916N.png;type_N
type_N/6694L.png;type_N
type_N/6744R.png;type_N
type_N/67641N.png;type_N
type_N/67721N.png;type_N
type_N/67874N.png;type_N
type_N/68140N.png;type_N
type_N/6833R.png;type_N
type_N/6841R.png;type_N
type_N/68712N.png;type_N
type_N/6886R.png;type_S
type_N/6916N.png;type_N
type_N/69427N.png;type_N
type_N/69612N.png;type_N
type_N/69773N.png;type_N
type_N/69871N.png;type_N
type_N/69978N.png;type_N
type_N/70034N.png;type_N
type_N/70288N.png;type_N
type_N/70352N.png;type_N
type_N/70361N.png;type_N
type_N/70537N.png;type_N
type_N/71191N.png;type_N
type_N/7121N.png;type_N
type_N/71299N.png;type_N
type_N/71395N.png;type_N
type_N/7145N.png;type_N
type_N/71726N.png;type_N
type_N/717R.png;type_N
type_N/7208L.png;type_N
type_N/72399N.png;type_N
type_N/72680N.png;type_N
type_N/7271L.png;type_N
type_N/72870N.png;type_N
type_N/72993N.png;type_N
type_N/73164N.png;type_N
type_N/7347L.png;type_N
type_N/73625N.png;type_F
type_N/7370N.png;type_N
type_N/73750N.png;type_N
type_N/73832N.png;type_N
type_N/7398N.png;type_N
type_N/74288N.png;type_N
type_N/74438N.png;type_N
type_N/74778N.png;type_N
type_N/7697N.png;type_N
type_N/7779N.png;type_N
type_N/7817N.png;type_N
type_N/7934N.png;type_N
type_N/8010N.png;type_N
type_N/8020N.png;type_N
type_N/8102N.png;type_N
type_N/82N.png;type_N
type_N/8322N.png;type_N
type_N/8366N.png;type_N
type_N/8631N.png;type_N
type_N/8667N.png;type_N
type_N/8833N.png;type_V
type_N/9048N.png;type_N
type_N/91R.png;type_N
type_N/9619N.png;type_N
type_Q/1015Pe.png;type_Q
type_Q/103Pe.png;type_Q
type_Q/1066Pe.png;type_Q
type_Q/1099Pe.png;type_Q
type_Q/1111Pe.png;type_Q
type_Q/1126Pe.png;type_Q
type_Q/1158Pe.png;type_Q
type_Q/1165Pe.png;type_Q
type_Q/1180Pe.png;type_Q
type_Q/1220Pe.png;type_Q
type_Q/1252Pe.png;type_Q
type_Q/1256Pe.png;type_Q
type_Q/1275Pe.png;type_Q
type_Q/1292Pe.png;type_Q
type_Q/1322Pe.png;type_Q
type_Q/1324Pe.png;type_Q
type_Q/1332Pe.png;type_Q
type_Q/133lF.png;type_Q
type_Q/1344Pe.png;type_Q
type_Q/1384Pe.png;type_Q
type_Q/13Q.png;type_N
type_Q/1402Pe.png;type_Q
type_Q/1405Pe.png;type_Q
type_Q/1406Pe.png;type_Q
type_Q/1408Pe.png;type_Q
type_Q/1421Pe.png;type_Q
type_Q/1426Pe.png;type_Q
type_Q/1469Pe.png;type_Q
type_Q/146lF.png;type_Q
type_Q/148Pe.png;type_Q
type_Q/1511Pe.png;type_Q
type_Q/1532Pe.png;type_Q
type_Q/1557Pe.png;type_Q
type_Q/1574Pe.png;type_Q
type_Q/157Pe.png;type_Q
type_Q/1588Pe.png;type_Q
type_Q/1602Pe.png;type_Q
type_Q/1618Pe.png;type_Q
type_Q/1625Pe.png;type_Q
type_Q/1637Pe.png;type_Q
type_Q/1639Pe.png;type_Q
type_Q/163Pe.png;type_Q
type_Q/1671Pe.png;type_Q
type_Q/1687Pe.png;type_Q
type_Q/1700Pe.png;type_Q
type_Q/1702Pe.png;type_Q
type_Q/1713Pe.png;type_Q
type_Q/171lF.png;type_Q
type_Q/1720Pe.png;type_Q
type_Q/1724Pe.png;type_Q
type_Q/1741Pe.png;type_Q
type_Q/1754Pe.png;type_Q
type_Q/1761Pe.png;type_Q
type_Q/1775Pe.png;type_Q
type_Q/178Pe.png;type_Q
type_Q/1827Pe.png;type_Q
type_Q/1829Pe.png;type_Q
type_Q/1839Pe.png;type_Q
type_Q/183Pe.png;type_Q
type_Q/1846Pe.png;type_Q
type_Q/1857Pe.png;type_Q
type_Q/1865Pe.png;type_Q
type_Q/1891Pe.png;type_Q
type_Q/1927Pe.png;type_Q
type_Q/1947Pe.png;type_Q
type_Q/1959Pe.png;type_Q
type_Q/1976Pe.png;type_Q
type_Q/19Pe.png;type_Q
type_Q/2004Pe.png;type_Q
type_Q/2019Pe.png;type_Q
type_Q/2022Pe.png;type_Q
type_Q/2026Pe.png;type_Q
type_Q/2067Pe.png;type_Q
type_Q/20Pe.png;type_Q
type_Q/2107Pe.png;type_Q
type_Q/2128Pe.png;type_Q
type_Q/2170Pe.png;type_Q
type_Q/2181Pe.png;type_Q
type_Q/2204Pe.png;type_Q
type_Q/2207Pe.png;type_Q
type_Q/220lF.png;type_Q
type_Q/2234Pe.png;type_Q
type_Q/2235Pe.png;type_Q
type_Q/223lF.png;type_Q
type_Q/2240Pe.png;type_Q
type_Q/2248Pe.png;type_Q
type_Q/2249Pe.png;type_Q
type_Q/228Pe.png;type_Q
type_Q/2310Pe.png;type_Q
type_Q/2326Pe.png;type_Q
type_Q/2335Pe.png;type_Q
type_Q/236Pe.png;type_Q
type_Q/237lF.png;type_Q
type_Q/23Pe.png;type_Q
type_Q/241lF.png;type_Q
type_Q/2439Pe.png;type_Q
type_Q/245Pe.png;type_Q
type_Q/245lF.png;type_Q
type_Q/2476Pe.png;type_Q
type_Q/2485Pe.png;type_Q
type_Q/2496Pe.png;type_Q
type_Q/2538Pe.png;type_Q
type_Q/2551Pe.png;type_Q
type_Q/2572Pe.png;type_Q
type_Q/2573Pe.png;type_Q
type_Q/2596Pe.png;type_Q
type_Q/2610Pe.png;type_Q
type_Q/2657Pe.png;type_Q
type_Q/2702Pe.png;type_Q
type_Q/2720Pe.png;type_Q
type_Q/272Pe.png;type_Q
type_Q/2736Pe.png;type_Q
type_Q/2751Pe.png;type_Q
type_Q/2774Pe.png;type_Q
type_Q/2783Pe.png;type_Q
type_Q/2784Pe.png;type_Q
type_Q/2807Pe.png;type_Q
type_Q/2816Pe.png;type_Q
type_Q/282Pe.png;type_Q
type_Q/2900Pe.png;type_Q
type_Q/2952Pe.png;type_Q
type_Q/296Pe.png;type_Q
type_Q/2976Pe.png;type_Q
type_Q/2977Pe.png;type_Q
type_Q/298lF.png;type_Q
type_Q/2995Pe.png;type_Q
type_Q/2Q.png;type_Q
type_Q/3010Pe.png;type_Q
type_Q/3042Pe.png;type_Q
type_Q/3046Pe.png;type_Q
type_Q/3057Pe.png;type_Q
type_Q/3077Pe.png;type_Q
type_Q/3121Pe.png;type_Q
type_Q/3125Pe.png;type_Q
type_Q/3134Pe.png;type_Q
type_Q/316lF.png;type_Q
type_Q/3175Pe.png;type_Q
type_Q/3182Pe.png;type_Q
type_Q/3194Pe.png;type_Q
type_Q/31Pe.png;type_Q
type_Q/320Pe.png;type_Q
type_Q/3242Pe.png;type_Q
type_Q/3257Pe.png;type_Q
type_Q/325lF.png;type_Q
type_Q/3271Pe.png;type_Q
type_Q/3296Pe.png;type_Q
type_Q/3297Pe.png;type_Q
type_Q/3304Pe.png;type_Q
type_Q/337Pe.png;type_Q
type_Q/3380Pe.png;type_Q
type_Q/3401Pe.png;type_Q
type_Q/3424Pe.png;type_Q
type_Q/3447Pe.png;type_Q
type_Q/345lF.png;type_Q
type_Q/3476Pe.png;type_Q
type_Q/348Pe.png;type_Q
type_Q/349Pe.png;type_Q
type_Q/34Pe.png;type_Q
type_Q/3504Pe.png;type_Q
type_Q/3505Pe.png;type_Q
type_Q/3551Pe.png;type_Q
type_Q/3564Pe.png;type_Q
type_Q/3573Pe.png;type_Q
type_Q/3579Pe.png;type_Q
type_Q/3589Pe.png;type_Q
type_Q/35Pe.png;type_Q
type_Q/361Pe.png;type_Q
type_Q/3647Pe.png;type_Q
type_Q/3685Pe.png;type_Q
type_Q/3692Pe.png;type_Q
type_Q/371lF.png;type_Q
type_Q/3761Pe.png;type_Q
type_Q/3765Pe.png;type_Q
type_Q/378Pe.png;type_Q
type_Q/3827Pe.png;type_Q
type_Q/382lF.png;type_Q
type_Q/3848Pe.png;type_Q
type_Q/387lF.png;type_Q
type_Q/3888Pe.png;type_Q
type_Q/388Pe.png;type_Q
type_Q/3893Pe.png;type_Q
type_Q/3920Pe.png;type_Q
type_Q/3949Pe.png;type_Q
type_Q/394Pe.png;type_Q
type_Q/3957Pe.png;type_Q
type_Q/3959Pe.png;type_Q
type_Q/397Pe.png;type_Q
type_Q/398Pe.png;type_Q
type_Q/4015Pe.png;type_Q
type_Q/4036Pe.png;type_Q
type_Q/4044Pe.png;type_Q
type_Q/404Pe.png;type_Q
type_Q/4050Pe.png;type_Q
type_Q/4076Pe.png;type_Q
type_Q/407lF.png;type_Q
type_Q/4082Pe.png;type_Q
type_Q/414lF.png;type_Q
type_Q/4162Pe.png;type_Q
type_Q/4189Pe.png;type_Q
type_Q/4200Pe.png;type_Q
type_Q/4207Pe.png;type_Q
type_Q/4236Pe.png;type_Q
type_Q/4241Pe.png;type_Q
type_Q/4297Pe.png;type_Q
type_Q/4302Pe.png;type_Q
type_Q/4317Pe.png;type_Q
type_Q/4318Pe.png;type_Q
type_Q/4320Pe.png;type_Q
type_Q/433lF.png;type_Q
type_Q/4354Pe.png;type_Q
type_Q/4367Pe.png;type_Q
type_Q/4375Pe.png;type_Q
type_Q/4401Pe.png;type_Q
type_Q/4412Pe.png;type_Q
type_Q/4424Pe.png;type_Q
type_Q/4440Pe.png;type_Q
type_Q/4450Pe.png;type_Q
type_Q/447Pe.png;type_Q
type_Q/4511Pe.png;type_Q
type_Q/4523Pe.png;type_Q
type_Q/4547Pe.png;type_Q
type_Q/4567Pe.png;type_Q
type_Q/4582Pe.png;type_Q
type_Q/4588Pe.png;type_Q
type_Q/4604Pe.png;type_Q
type_Q/4638Pe.png;type_Q
type_Q/4645Pe.png;type_Q
type_Q/4656Pe.png;type_Q
type_Q/4660Pe.png;type_Q
type_Q/467lF.png;type_Q
type_Q/4775Pe.png;type_Q
type_Q/4798Pe.png;type_Q
type_Q/4827Pe.png;type_Q
type_Q/4834Pe.png;type_Q
type_Q/4838Pe.png;type_Q
type_Q/4844Pe.png;type_Q
type_Q/485Pe.png;type_Q
type_Q/4862Pe.png;type_Q
type_Q/4898Pe.png;type_Q
type_Q/490lF.png;type_Q
type_Q/4914Pe.png;type_Q
type_Q/4943Pe.png;type_Q
type_Q/4958Pe.png;type_Q
type_Q/4963Pe.png;type_Q
type_Q/4983Pe.png;type_Q
type_Q/4994Pe.png;type_Q
type_Q/5010Pe.png;type_Q
type_Q/5029Pe.png;type_Q
type_Q/5041Pe.png;type_Q
type_Q/505lF.png;type_Q
type_Q/5067Pe.png;type_Q
type_Q/5070Pe.png;type_Q
type_Q/5089Pe.png;type_Q
type_Q/5093Pe.png;type_Q
type_Q/514Pe.png;type_Q
type_Q/5151Pe.png;type_Q
type_Q/5157Pe.png;type_Q
type_Q/5163Pe.png;type_Q
type_Q/524Pe.png;type_Q
type_Q/5253Pe.png;type_Q
type_Q/5262Pe.png;type_Q
type_Q/526Pe.png;type_Q
type_Q/52Pe.png;type_Q
type_Q/530lF.png;type_Q
type_Q/5315Pe.png;type_Q
type_Q/5318Pe.png;type_Q
type_Q/5332Pe.png;type_Q
type_Q/5351Pe.png;type_Q
type_Q/5361Pe.png;type_Q
type_Q/541lF.png;type_Q
type_Q/542lF.png;type_Q
type_Q/5434Pe.png;type_Q
type_Q/5459Pe.png;type_Q
type_Q/5467Pe.png;type_Q
type_Q/5480Pe.png;type_Q
type_Q/5482Pe.png;type_Q
type_Q/5485Pe.png;type_Q
type_Q/5530Pe.png;type_Q
type_Q/556Pe.png;type_Q
type_Q/5603Pe.png;type_Q
type_Q/561Pe.png;type_Q
type_Q/562Pe.png;type_Q
type_Q/5645Pe.png;type_Q
type_Q/565Pe.png;type_Q
type_Q/565lF.png;type_Q
type_Q/5666Pe.png;type_Q
type_Q/5667Pe.png;type_Q
type_Q/5668Pe.png;type_Q
type_Q/5669Pe.png;type_Q
type_Q/5679Pe.png;type_Q
type_Q/5691Pe.png;type_Q
type_Q/5693Pe.png;type_Q
type_Q/5711Pe.png;type_Q
type_Q/5753Pe.png;type_Q
type_Q/5772Pe.png;type_Q
type_Q/5787Pe.png;type_Q
type_Q/578Pe.png;type_Q
type_Q/5822Pe.png;type_Q
type_Q/5828Pe.png;type_Q
type_Q/582Pe.png;type_Q
type_Q/5847Pe.png;type_Q
type_Q/5860Pe.png;type_Q
type_Q/5862Pe.png;type_Q
type_Q/586lF.png;type_Q
type_Q/5872Pe.png;type_Q
type_Q/587Pe.png;type_Q
type_Q/5901Pe.png;type_Q
type_Q/5922Pe.png;type_Q
type_Q/5977Pe.png;type_Q
type_Q/5984Pe.png;type_Q
type_Q/6019Pe.png;type_Q
type_Q/6031Pe.png;type_Q
type_Q/603lF.png;type_Q
type_Q/608lF.png;type_Q
type_Q/609Pe.png;type_Q
type_Q/6138Pe.png;type_Q
type_Q/6153Pe.png;type_Q
type_Q/6158Pe.png;type_Q
type_Q/6162Pe.png;type_Q
type_Q/6182Pe.png;type_Q
type_Q/619Pe.png;type_Q
type_Q/6209Pe.png;type_Q
type_Q/620Pe.png;type_Q
type_Q/6227Pe.png;type_Q
type_Q/6228Pe.png;type_Q
type_Q/6251Pe.png;type_Q
type_Q/6281Pe.png;type_Q
type_Q/6282Pe.png;type_Q
type_Q/6292Pe.png;type_Q
type_Q/6298Pe.png;type_Q
type_Q/6300Pe.png;type_Q
type_Q/6311Pe.png;type_Q
type_Q/6331Pe.png;type_Q
type_Q/6342Pe.png;type_Q
type_Q/636lF.png;type_Q
type_Q/638Pe.png;type_Q
type_Q/6406Pe.png;type_Q
type_Q/642Pe.png;type_Q
type_Q/6441Pe.png;type_Q
type_Q/6470Pe.png;type_Q
type_Q/6476Pe.png;type_Q
type_Q/6486Pe.png;type_Q
type_Q/6492Pe.png;type_Q
type_Q/6522Pe.png;type_Q
type_Q/6528Pe.png;type_Q
type_Q/652lF.png;type_Q
type_Q/6571Pe.png;type_Q
type_Q/6582Pe.png;type_Q
type_Q/658Pe.png;type_Q
type_Q/6600Pe.png;type_Q
type_Q/6632Pe.png;type_Q
type_Q/663Pe.png;type_Q
type_Q/6644Pe.png;type_Q
type_Q/6654Pe.png;type_Q
type_Q/6659Pe.png;type_Q
type_Q/6664Pe.png;type_Q
type_Q/6681Pe.png;type_Q
type_Q/6690Pe.png;type_Q
type_Q/6712Pe.png;type_Q
type_Q/6723Pe.png;type_Q
type_Q/6749Pe.png;type_Q
type_Q/674lF.png;type_Q
type_Q/6832Pe.png;type_Q
type_Q/6852Pe.png;type_Q
type_Q/688lF.png;type_Q
type_Q/690Pe.png;type_Q
type_Q/6916Pe.png;type_Q
type_Q/691Pe.png;type_Q
type_Q/692Pe.png;type_Q
type_Q/6935Pe.png;type_Q
type_Q/6968Pe.png;type_Q
type_Q/6Q.png;type_Q
type_Q/7003Pe.png;type_Q
type_Q/708Pe.png;type_Q
type_Q/70lF.png;type_Q
type_Q/711lF.png;type_Q
type_Q/740lF.png;type_V
type_Q/741lF.png;type_N
type_Q/74Pe.png;type_Q
type_Q/808Pe.png;type_Q
type_Q/816lF.png;type_Q
type_Q/825lF.png;type_Q
type_Q/828lF.png;type_Q
type_Q/82Pe.png;type_Q
type_Q/832Pe.png;type_Q
type_Q/84Pe.png;type_Q
type_Q/869Pe.png;type_Q
type_Q/880Pe.png;type_Q
type_Q/882Pe.png;type_Q
type_Q/884lF.png;type_Q
type_Q/89lF.png;type_Q
type_Q/901lF.png;type_Q
type_Q/909Pe.png;type_Q
type_Q/913Pe.png;type_Q
type_Q/933Pe.png;type_Q
type_Q/968Pe.png;type_Q
type_Q/970Pe.png;type_Q
type_Q/977Pe.png;type_Q
type_Q/980lF.png;type_Q
type_Q/9Pe.png;type_Q
type_S/1004A.png;type_N
type_S/1016A.png;type_N
type_S/1019A.png;type_N
type_S/1024A.png;type_N
type_S/1028A.png;type_N
type_S/1031A.png;type_S
type_S/1042A.png;type_N
type_S/104lA.png;type_V
type_S/1057A.png;type_S
type_S/1068A.png;type_N
type_S/1070A.png;type_S
type_S/1074A.png;type_S
type_S/107lA.png;type_V
type_S/1081A.png;type_N
type_S/10A.png;type_N
type_S/1111A.png;type_N
type_S/1113A.png;type_N
type_S/1117A.png;type_N
type_S/1122A.png;type_N
type_S/1127A.png;type_N
type_S/1128A.png;type_N
type_S/112lJ.png;type_N
type_S/1146A.png;type_N
type_S/1147A.png;type_N
type_S/114lJ.png;type_S
type_S/1153A.png;type_N
type_S/1154A.png;type_N
type_S/1156A.png;type_S
type_S/1174A.png;type_S
type_S/1179A.png;type_S
type_S/1182A.png;type_S
type_S/1183A.png;type_S
type_S/1185A.png;type_S
type_S/1186A.png;type_S
type_S/1192A.png;type_S
type_S/1194A.png;type_S
type_S/120lJ.png;type_S
type_S/1216A.png;type_S
type_S/121lJ.png;type_N
type_S/122A.png;type_N
type_S/1230A.png;type_S
type_S/1240A.png;type_S
type_S/1249A.png;type_N
type_S/1250A.png;type_S
type_S/1251A.png;type_S
type_S/125lJ.png;type_S
type_S/1262A.png;type_S
type_S/1265A.png;type_S
type_S/1267A.png;type_S
type_S/1268A.png;type_S
type_S/1274A.png;type_S
type_S/1280A.png;type_S
type_S/1285A.png;type_S
type_S/128lA.png;type_N
type_S/128lJ.png;type_S
type_S/1290A.png;type_S
type_S/1291A.png;type_S
type_S/12J.png;type_N
type_S/1302A.png;type_S
type_S/130lA.png;type_N
type_S/130lJ.png;type_N
type_S/1313A.png;type_N
type_S/1318A.png;type_N
type_S/1319A.png;type_S
type_S/131A.png;type_N
type_S/131lJ.png;type_N
type_S/1322A.png;type_S
type_S/1323A.png;type_N
type_S/1326A.png;type_S
type_S/1327A.png;type_S
type_S/1329A.png;type_S
type_S/1334A.png;type_S
type_S/1336A.png;type_S
type_S/1341A.png;type_N
type_S/1345A.png;type_S
type_S/1350A.png;type_S
type_S/1359A.png;type_S
type_S/1371A.png;type_S
type_S/1377A.png;type_N
type_S/1378A.png;type_S
type_S/1381A.png;type_S
type_S/1382A.png;type_S
type_S/1385A.png;type_S
type_S/138lJ.png;type_N
type_S/1394A.png;type_S
type_S/1397A.png;type_S
type_S/1401A.png;type_S
type_S/1402A.png;type_S
type_S/141lA.png;type_V
type_S/1421A.png;type_S
type_S/142A.png;type_N
type_S/1434A.png;type_S
type_S/1442A.png;type_S
type_S/1445A.png;type_S
type_S/1454A.png;type_N
type_S/1459A.png;type_S
type_S/1464A.png;type_S
type_S/1467A.png;type_S
type_S/1469A.png;type_S
type_S/1472A.png;type_S
type_S/1487A.png;type_S
type_S/14lA.png;type_S
type_S/1502A.png;type_S
type_S/1508A.png;type_S
type_S/1512A.png;type_S
type_S/1534A.png;type_S
type_S/153lJ.png;type_N
type_S/1542A.png;type_S
type_S/1552A.png;type_S
type_S/1553A.png;type_S
type_S/1555A.png;type_S
type_S/1565A.png;type_N
type_S/1568A.png;type_S
type_S/1569A.png;type_S
type_S/156A.png;type_N
type_S/156lJ.png;type_S
type_S/1570A.png;type_S
type_S/1574A.png;type_S
type_S/1580A.png;type_S
type_S/1595A.png;type_S
type_S/1602A.png;type_S
type_S/160lJ.png;type_N
type_S/1615A.png;type_S
type_S/1629A.png;type_S
type_S/1630A.png;type_S
type_S/1632A.png;type_S
type_S/1637A.png;type_S
type_S/1649A.png;type_S
type_S/1650A.png;type_S
type_S/1658A.png;type_S
type_S/1659A.png;type_S
type_S/1668A.png;type_S
type_S/1677A.png;type_N
type_S/1679A.png;type_S
type_S/1687A.png;type_N
type_S/1690A.png;type_S
type_S/1695A.png;type_S
type_S/1697A.png;type_S
type_S/1715A.png;type_S
type_S/1722A.png;type_N
type_S/1732A.png;type_N
type_S/1733A.png;type_S
type_S/1744A.png;type_S
type_S/1753A.png;type_S
type_S/175lJ.png;type_S
type_S/1776A.png;type_S
type_S/1795A.png;type_N
type_S/179lJ.png;type_N
type_S/1806A.png;type_N
type_S/1807A.png;type_S
type_S/1810A.png;type_S
type_S/1812A.png;type_N
type_S/1813A.png;type_S
type_S/1821A.png;type_S
type_S/1827A.png;type_S
type_S/1832A.png;type_S
type_S/1838A.png;type_S
type_S/184lJ.png;type_N
type_S/1855A.png;type_S
type_S/1861A.png;type_S
type_S/1871A.png;type_S
type_S/1899A.png;type_S
type_S/18lA.png;type_S
type_S/1920A.png;type_S
type_S/192lJ.png;type_S
type_S/1932A.png;type_S
type_S/1933A.png;type_S
type_S/193A.png;type_N
type_S/1942A.png;type_S
type_S/1948A.png;type_S
type_S/1952A.png;type_S
type_S/1957A.png;type_S
type_S/1969A.png;type_S
type_S/196lJ.png;type_N
type_S/1970A.png;type_S
type_S/1976A.png;type_S
type_S/1986A.png;type_S
type_S/2000A.png;type_S
type_S/2002A.png;type_S
type_S/2007A.png;type_S
type_S/2008A.png;type_S
type_S/201lJ.png;type_S
type_S/2025A.png;type_S
type_S/2028A.png;type_S
type_S/2031A.png;type_S
type_S/2033A.png;type_S
type_S/2038A.png;type_S
type_S/203lJ.png;type_S
type_S/2040A.png;type_S
type_S/2047A.png;type_S
type_S/2062A.png;type_S
type_S/206lJ.png;type_N
type_S/2070A.png;type_S
type_S/2078A.png;type_S
type_S/208A.png;type_N
type_S/208lJ.png;type_N
type_S/2095A.png;type_S
type_S/2123A.png;type_S
type_S/212A.png;type_N
type_S/212lJ.png;type_N
type_S/2131A.png;type_S
type_S/2140A.png;type_S
type_S/2145A.png;type_S
type_S/2152A.png;type_S
type_S/2163A.png;type_S
type_S/216lJ.png;type_N
type_S/2179A.png;type_S
type_S/2185A.png;type_S
type_S/218lJ.png;type_N
type_S/2190A.png;type_S
type_S/2193A.png;type_S
type_S/2213A.png;type_S
type_S/221lJ.png;type_N
type_S/2224A.png;type_S
type_S/2227A.png;type_S
type_S/222lJ.png;type_N
type_S/2231A.png;type_S
type_S/2239A.png;type_S
type_S/2246A.png;type_S
type_S/2249A.png;type_N
type_S/225A.png;type_N
type_S/2261A.png;type_S
type_S/2280A.png;type_S
type_S/2285A.png;type_S
type_S/2290A.png;type_N
type_S/229A.png;type_N
type_S/2301A.png;type_S
type_S/2317A.png;type_N
type_S/2319A.png;type_S
type_S/2320A.png;type_S
type_S/2334A.png;type_S
type_S/2355A.png;type_S
type_S/2357A.png;type_S
type_S/2361A.png;type_S
type_S/2367A.png;type_S
type_S/2384A.png;type_S
type_S/2389A.png;type_S
type_S/238A.png;type_N
type_S/2391A.png;type_S
type_S/2396A.png;type_S
type_S/2404A.png;type_S
type_S/2406A.png;type_S
type_S/2419A.png;type_S
type_S/241A.png;type_N
type_S/2423A.png;type_S
type_S/2424A.png;type_S
type_S/2436A.png;type_S
type_S/2439A.png;type_S
type_S/2441A.png;type_S
type_S/2458A.png;type_S
type_S/2469A.png;type_S
type_S/2473A.png;type_S
type_S/2477A.png;type_S
type_S/247A.png;type_N
type_S/2490A.png;type_S
type_S/2492A.png;type_S
type_S/2494A.png;type_S
type_S/24A.png;type_N
type_S/251A.png;type_N
type_S/2528A.png;type_S
type_S/2535A.png;type_S
type_S/25A.png;type_N
type_S/25lA.png;type_V
type_S/264A.png;type_S
type_S/267A.png;type_S
type_S/268A.png;type_V
type_S/27J.png;type_N
type_S/280A.png;type_S
type_S/281A.png;type_V
type_S/295A.png;type_S
type_S/301A.png;type_S
type_S/305A.png;type_S
type_S/310A.png;type_V
type_S/312A.png;type_S
type_S/317A.png;type_S
type_S/31lA.png;type_S
type_S/31lJ.png;type_N
type_S/321A.png;type_S
type_S/328A.png;type_S
type_S/332A.png;type_S
type_S/337A.png;type_S
type_S/33A.png;type_N
type_S/34A.png;type_N
type_S/352A.png;type_V
type_S/359A.png;type_V
type_S/361A.png;type_N
type_S/365A.png;type_N
type_S/36J.png;type_N
type_S/381A.png;type_N
type_S/397A.png;type_S
type_S/3A.png;type_N
type_S/403A.png;type_S
type_S/409A.png;type_S
type_S/417A.png;type_N
type_S/422A.png;type_N
type_S/425A.png;type_N
type_S/432A.png;type_N
type_S/439A.png;type_S
type_S/440A.png;type_N
type_S/448A.png;type_S
type_S/44lJ.png;type_N
type_S/455A.png;type_S
type_S/458A.png;type_S
type_S/465A.png;type_S
type_S/479A.png;type_S
type_S/494A.png;type_S
type_S/503A.png;type_S
type_S/512A.png;type_S
type_S/517A.png;type_S
type_S/524A.png;type_S
type_S/527A.png;type_N
type_S/52J.png;type_S
type_S/52lJ.png;type_S
type_S/533A.png;type_S
type_S/53lJ.png;type_N
type_S/540A.png;type_S
type_S/557A.png;type_N
type_S/561A.png;type_N
type_S/564A.png;type_S
type_S/56J.png;type_S
type_S/578A.png;type_N
type_S/582A.png;type_N
type_S/586A.png;type_N
type_S/594A.png;type_N
type_S/59A.png;type_N
type_S/604A.png;type_N
type_S/610A.png;type_S
type_S/618A.png;type_N
type_S/621A.png;type_S
type_S/625A.png;type_S
type_S/629A.png;type_N
type_S/62lA.png;type_N
type_S/638A.png;type_S
type_S/63J.png;type_S
type_S/645A.png;type_S
type_S/664A.png;type_N
type_S/665A.png;type_N
type_S/668A.png;type_N
type_S/66lA.png;type_V
type_S/671A.png;type_N
type_S/67lA.png;type_V
type_S/681A.png;type_N
type_S/68lJ.png;type_S
type_S/69lA.png;type_S
type_S/704A.png;type_S
type_S/706A.png;type_N
type_S/70lA.png;type_V
type_S/712A.png;type_N
type_S/719A.png;type_N
type_S/727A.png;type_N
type_S/72lJ.png;type_S
type_S/732A.png;type_S
type_S/734A.png;type_N
type_S/737A.png;type_N
type_S/73lJ.png;type_S
type_S/74A.png;type_N
type_S/752A.png;type_N
type_S/77A.png;type_N
type_S/77lA.png;type_S
type_S/77lJ.png;type_S
type_S/782A.png;type_S
type_S/785A.png;type_S
type_S/795A.png;type_N
type_S/79A.png;type_N
type_S/800A.png;type_N
type_S/801A.png;type_N
type_S/802A.png;type_S
type_S/803A.png;type_N
type_S/823A.png;type_N
type_S/825A.png;type_N
type_S/829A.png;type_S
type_S/83lJ.png;type_N
type_S/855A.png;type_N
type_S/857A.png;type_S
type_S/860A.png;type_S
type_S/866A.png;type_S
type_S/876A.png;type_N
type_S/882A.png;type_S
type_S/888A.png;type_N
type_S/890A.png;type_N
type_S/891A.png;type_N
type_S/898A.png;type_S
type_S/8J.png;type_N
type_S/903A.png;type_S
type_S/912A.png;type_F
type_S/92A.png;type_N
type_S/931A.png;type_N
type_S/943A.png;type_S
type_S/946A.png;type_N
type_S/948A.png;type_S
type_S/95lJ.png;type_S
type_S/960A.png;type_N
type_S/970A.png;type_N
type_S/974A.png;type_S
type_S/976A.png;type_S
type_S/985A.png;type_N
type_S/98A.png;type_N
type_S/996A.png;type_S
type_S/9lA.png;type_V
type_S/9lE.png;type_N
type_V/1016V.png;type_V
type_V/1040V.png;type_V
type_V/1067V.png;type_V
type_V/1100V.png;type_V
type_V/1118V.png;type_V
type_V/1133V.png;type_V
type_V/1168V.png;type_V
type_V/1176V.png;type_V
type_V/1193V.png;type_V
type_V/1238V.png;type_V
type_V/1272V.png;type_V
type_V/1276V.png;type_V
type_V/1297V.png;type_V
type_V/1314V.png;type_V
type_V/134V.png;type_V
type_V/1351V.png;type_V
type_V/1360V.png;type_V
type_V/1368V.png;type_V
type_V/1373V.png;type_V
type_V/1415V.png;type_V
type_V/1435V.png;type_N
type_V/1438V.png;type_V
type_V/1440V.png;type_V
type_V/1441V.png;type_V
type_V/1443V.png;type_V
type_V/1459V.png;type_V
type_V/1463V.png;type_V
type_V/1508V.png;type_V
type_V/1509V.png;type_N
type_V/1531V.png;type_V
type_V/1558V.png;type_V
type_V/1580V.png;type_V
type_V/1605V.png;type_V
type_V/1624V.png;type_V
type_V/1630V.png;type_V
type_V/1639V.png;type_V
type_V/1658V.png;type_V
type_V/1674V.png;type_V
type_V/1682V.png;type_N
type_V/1695V.png;type_V
type_V/1697V.png;type_V
type_V/1699V.png;type_N
type_V/1731V.png;type_N
type_V/1748V.png;type_V
type_V/1750V.png;type_V
type_V/1766V.png;type_V
type_V/1768V.png;type_V
type_V/176V.png;type_N
type_V/177V.png;type_N
type_V/1786V.png;type_V
type_V/1788V.png;type_N
type_V/1791V.png;type_N
type_V/1809V.png;type_V
type_V/1822V.png;type_V
type_V/1830V.png;type_V
type_V/1845V.png;type_V
type_V/1861V.png;type_V
type_V/1902V.png;type_V
type_V/1904V.png;type_V
type_V/1915V.png;type_V
type_V/1917V.png;type_V
type_V/1923V.png;type_N
type_V/1935V.png;type_V
type_V/1944V.png;type_V
type_V/1950V.png;type_V
type_V/1972V.png;type_V
type_V/1973V.png;type_V
type_V/2010V.png;type_V
type_V/2016V.png;type_V
type_V/2032V.png;type_V
type_V/2045V.png;type_V
type_V/2064V.png;type_V
type_V/2092V.png;type_V
type_V/20E.png;type_V
type_V/2114V.png;type_V
type_V/2119V.png;type_V
type_V/2122V.png;type_V
type_V/2133V.png;type_V
type_V/2167V.png;type_V
type_V/2203V.png;type_V
type_V/2211V.png;type_V
type_V/2234V.png;type_V
type_V/2281V.png;type_V
type_V/2293V.png;type_V
type_V/2299V.png;type_V
type_V/2319V.png;type_V
type_V/2321V.png;type_V
type_V/2324V.png;type_V
type_V/2351V.png;type_V
type_V/2352V.png;type_V
type_V/2354V.png;type_V
type_V/2357V.png;type_V
type_V/2359V.png;type_V
type_V/2366V.png;type_V
type_V/2367V.png;type_V
type_V/2380V.png;type_V
type_V/2410V.png;type_N
type_V/2436V.png;type_V
type_V/2452V.png;type_V
type_V/2462V.png;type_N
type_V/24E.png;type_V
type_V/2509V.png;type_V
type_V/2533V.png;type_N
type_V/2554V.png;type_N
type_V/2555V.png;type_N
type_V/2576V.png;type_V
type_V/2599V.png;type_V
type_V/259V.png;type_V
type_V/2615V.png;type_V
type_V/2625V.png;type_V
type_V/2637V.png;type_V
type_V/2685V.png;type_V
type_V/26E.png;type_V
type_V/2721V.png;type_V
type_V/2722V.png;type_V
type_V/2747V.png;type_V
type_V/2766V.png;type_V
type_V/2814V.png;type_V
type_V/2855V.png;type_V
type_V/2856V.png;type_V
type_V/2867V.png;type_V
type_V/2887V.png;type_V
type_V/2897V.png;type_V
type_V/28V.png;type_N
type_V/2901V.png;type_V
type_V/2919V.png;type_V
type_V/2943V.png;type_V
type_V/2953V.png;type_V
type_V/2954V.png;type_V
type_V/2981V.png;type_V
type_V/2991V.png;type_Q
type_V/3003V.png;type_N
type_V/3083V.png;type_V
type_V/3138V.png;type_V
type_V/3157V.png;type_V
type_V/3163V.png;type_V
type_V/3164V.png;type_V
type_V/3178V.png;type_V
type_V/3184V.png;type_V
type_V/3195V.png;type_V
type_V/3205V.png;type_V
type_V/323V.png;type_V
type_V/3243V.png;type_V
type_V/3245V.png;type_V
type_V/3255V.png;type_V
type_V/3277V.png;type_V
type_V/3327V.png;type_V
type_V/3330V.png;type_V
type_V/3340V.png;type_V
type_V/3379V.png;type_V
type_V/3385V.png;type_V
type_V/3393V.png;type_V
type_V/3404V.png;type_V
type_V/3412V.png;type_V
type_V/3424V.png;type_V
type_V/345V.png;type_V
type_V/3475V.png;type_V
type_V/3478V.png;type_V
type_V/3491V.png;type_V
type_V/3516V.png;type_V
type_V/3517V.png;type_V
type_V/3528V.png;type_V
type_V/3609V.png;type_V
type_V/360V.png;type_V
type_V/3634V.png;type_V
type_V/3642V.png;type_V
type_V/3659V.png;type_V
type_V/3683V.png;type_V
type_V/3697V.png;type_V
type_V/3713V.png;type_V
type_V/3729V.png;type_V
type_V/373V.png;type_V
type_V/3741V.png;type_V
type_V/3746V.png;type_V
type_V/3747V.png;type_V
type_V/3798V.png;type_V
type_V/380V.png;type_V
type_V/381V.png;type_V
type_V/3825V.png;type_V
type_V/3831V.png;type_V
type_V/3836V.png;type_V
type_V/3850V.png;type_V
type_V/3872V.png;type_V
type_V/38V.png;type_N
type_V/3941V.png;type_V
type_V/394V.png;type_V
type_V/3980V.png;type_V
type_V/4023V.png;type_V
type_V/4027V.png;type_N
type_V/4054V.png;type_F
type_V/4096V.png;type_N
type_V/4099V.png;type_V
type_V/4117V.png;type_V
type_V/4151V.png;type_V
type_V/4160V.png;type_V
type_V/4163V.png;type_N
type_V/4167V.png;type_V
type_V/4175V.png;type_V
type_V/4199V.png;type_V
type_V/4227V.png;type_V
type_V/4229V.png;type_V
type_V/4236V.png;type_V
type_V/4238V.png;type_F
type_V/4261V.png;type_V
type_V/4272V.png;type_V
type_V/4302V.png;type_V
type_V/4325V.png;type_V
type_V/4334V.png;type_V
type_V/4340V.png;type_V
type_V/4341V.png;type_V
type_V/4369V.png;type_V
type_V/4372V.png;type_F
type_V/4376V.png;type_V
type_V/4449V.png;type_V
type_V/4463V.png;type_V
type_V/4491V.png;type_V
type_V/4505V.png;type_V
type_V/4511V.png;type_V
type_V/4543V.png;type_V
type_V/454V.png;type_V
type_V/4608V.png;type_V
type_V/4616V.png;type_V
type_V/4631V.png;type_V
type_V/4632V.png;type_V
type_V/4636V.png;type_V
type_V/4644V.png;type_V
type_V/4653V.png;type_V
type_V/4656V.png;type_V
type_V/4672V.png;type_V
type_V/4686V.png;type_V
type_V/4695V.png;type_V
type_V/46V.png;type_V
type_V/4724V.png;type_V
type_V/4736V.png;type_V
type_V/4749V.png;type_V
type_V/4759V.png;type_V
type_V/4767V.png;type_V
type_V/4778V.png;type_V
type_V/4808V.png;type_V
type_V/4844V.png;type_V
type_V/4857V.png;type_V
type_V/4871V.png;type_V
type_V/4882V.png;type_V
type_V/4902V.png;type_V
type_V/491V.png;type_V
type_V/4925V.png;type_V
type_V/4945V.png;type_V
type_V/4981V.png;type_V
type_V/498V.png;type_V
type_V/49V.png;type_V
type_V/5003V.png;type_V
type_V/5023V.png;type_V
type_V/5128V.png;type_V
type_V/5152V.png;type_V
type_V/5186V.png;type_V
type_V/5194V.png;type_V
type_V/5198V.png;type_V
type_V/5203V.png;type_V
type_V/5220V.png;type_V
type_V/5223V.png;type_V
type_V/5261V.png;type_V
type_V/5276V.png;type_V
type_V/5281V.png;type_V
type_V/5293V.png;type_V
type_V/5311V.png;type_V
type_V/5327V.png;type_V
type_V/5333V.png;type_V
type_V/5355V.png;type_V
type_V/5367V.png;type_V
type_V/538V.png;type_V
type_V/5407V.png;type_V
type_V/5421V.png;type_V
type_V/5440V.png;type_V
type_V/5449V.png;type_V
type_V/5453V.png;type_V
type_V/5472V.png;type_V
type_V/5478V.png;type_V
type_V/553V.png;type_V
type_V/5541V.png;type_F
type_V/5547V.png;type_V
type_V/5554V.png;type_V
type_V/5649V.png;type_V
type_V/5652V.png;type_V
type_V/5662V.png;type_V
type_V/5670V.png;type_V
type_V/5683V.png;type_V
type_V/5703V.png;type_V
type_V/5713V.png;type_V
type_V/571V.png;type_Q
type_V/5722V.png;type_V
type_V/5739V.png;type_V
type_V/575V.png;type_V
type_V/5770V.png;type_V
type_V/5833V.png;type_N
type_V/5844V.png;type_V
type_V/584V.png;type_V
type_V/5876V.png;type_V
type_V/5885V.png;type_V
type_V/58E.png;type_N
type_V/5900V.png;type_V
type_V/5903V.png;type_V
type_V/5955V.png;type_V
type_V/5998V.png;type_V
type_V/6013V.png;type_V
type_V/6032V.png;type_V
type_V/6050V.png;type_V
type_V/6061V.png;type_V
type_V/6078V.png;type_V
type_V/6093V.png;type_V
type_V/6094V.png;type_V
type_V/60E.png;type_V
type_V/60V.png;type_V
type_V/6100V.png;type_V
type_V/6101V.png;type_V
type_V/6112V.png;type_V
type_V/6127V.png;type_V
type_V/6129V.png;type_V
type_V/6150V.png;type_V
type_V/6191V.png;type_V
type_V/6196V.png;type_V
type_V/6215V.png;type_V
type_V/6224V.png;type_V
type_V/6230V.png;type_V
type_V/6234V.png;type_V
type_V/6271V.png;type_V
type_V/6277V.png;type_V
type_V/627V.png;type_N
type_V/6298V.png;type_V
type_V/6311V.png;type_V
type_V/6313V.png;type_V
type_V/6320V.png;type_V
type_V/6324V.png;type_V
type_V/6332V.png;type_V
type_V/6358V.png;type_V
type_V/6380V.png;type_V
type_V/6438V.png;type_V
type_V/6444V.png;type_V
type_V/6446V.png;type_V
type_V/6488V.png;type_V
type_V/6500V.png;type_V
type_V/6509V.png;type_V
type_V/6524V.png;type_V
type_V/6563V.png;type_V
type_V/6575V.png;type_V
type_V/6616V.png;type_V
type_V/6633V.png;type_V
type_V/6638V.png;type_V
type_V/6643V.png;type_V
type_V/6665V.png;type_V
type_V/6684V.png;type_V
type_V/6695V.png;type_V
type_V/6697V.png;type_V
type_V/6713V.png;type_V
type_V/6714V.png;type_V
type_V/6740V.png;type_V
type_V/6754V.png;type_V
type_V/6773V.png;type_V
type_V/6774V.png;type_N
type_V/6785V.png;type_V
type_V/6790V.png;type_V
type_V/6796V.png;type_V
type_V/6806V.png;type_V
type_V/6828V.png;type_V
type_V/683V.png;type_V
type_V/6869V.png;type_V
type_V/6891V.png;type_N
type_V/6909V.png;type_V
type_V/6935V.png;type_V
type_V/6948V.png;type_V
type_V/697V.png;type_V
type_V/6985V.png;type_V
type_V/6996V.png;type_N
type_V/6V.png;type_V
type_V/7034V.png;type_V
type_V/703V.png;type_V
type_V/7041V.png;type_V
type_V/7077V.png;type_V
type_V/7079V.png;type_V
type_V/7088V.png;type_V
type_V/709V.png;type_V
type_V/7106V.png;type_V
type_V/711V.png;type_Q
type_V/737V.png;type_V
type_V/744V.png;type_V
type_V/749V.png;type_V
type_V/759V.png;type_V
type_V/762V.png;type_V
type_V/769V.png;type_V
type_V/786V.png;type_V
type_V/795V.png;type_V
type_V/817V.png;type_V
type_V/828V.png;type_V
type_V/851V.png;type_V
type_V/865V.png;type_V
type_V/902V.png;type_V
type_V/95E.png;type_V
type_V/964V.png;type_V
type_V/976V.png;type_V
type_V/981V.png;type_V
type_V/9E.png;type_V
